id,title,url,category,main_photo,content,video,keywords,comments,posted_at,author_name,author_photo
1820002893072,"Pajisja e cila e analizon urinën duke u vendosur në tualet, rezultatet dërgohen në telefon",https://kallxo.com/teknologji/pajisja-e-cila-e-analizon-urinen-duke-u-vendosur-ne-tualet-rezultatet-dergohen-ne-telefon/,,https://kallxo.com/wp-content/uploads/2023/01/Image-Withings-720x412.png,"Në panairin e madh të teknologjisë CES 2023 të këtij viti, u prezantua një produkt mjaft interesant, i destinuar për përdorim në tasin e tualetit, nga ku dërgon të dhëna në celularin e përdoruesit.
Këtë javë në panairin ndërkombëtar të teknologjisë CES 2023, Withings prezantoi U-Scan, një sensor që ngjitet në guacën e tualetit dhe analizon urinën e përdoruesit sa herë që ata bëjnë urinën.
U-Scan do të jetë në dispozicion në Evropë në gjysmën e parë të këtij viti, ndërsa planifikohet të vendoset edhe në tregun amerikan, pasi Administrata kompetente e SHBA-së për Ushqimin dhe Barnat t’i japë dritën jeshile.
Është e njohur për të gjithë se informacione të rëndësishme për shëndetin tonë mund të merren nga një mostër e urinës në laboratorët mjekësorë, për shembull, nëse jemi të dehidratuar, nëse ka një shtatzëni, nëse ka një infeksion në trup dhe indikacione për mund të sigurohet edhe shëndeti i organeve të tjera në trup.
Kompania Withings projektoi produktin e saj rreth disa prej këtyre biomarkerëve, dhe ata e bënë atë në dy versione. Në versionin e parë, një gëzhojë futet në U-Scan për ta monitoruar informacionin rreth ushqyerjes dhe metabolizmit, duke matur nivelet e ketonit dhe vitaminës C dhe duke testuar pH të urinës (pH i ulët ose i lartë mund të lidhet me shëndetin e veshkave dhe më shumë).
Në versionin e dytë, është një insert për gratë që duan t’i monitorojnë më mirë ciklet e tyre menstruale, duke i matur valët e LH ose hormonit luteinizues. LH arrin kulmin kur ovulacioni është afërsisht dhe fertiliteti ka të ngjarë të jetë më i lartë. Kjo gëzhojë e ka edhe funksionalitetin e të parës.
Një gëzhojë ka mjaft shirita TST për rreth tre muaj përdorim
Nga ëithings thonë se pajisja funksionon më mirë nëse ngjitet në pjesën e përparme të tualetit dhe kjo kërkon një dozë “kreativiteti” kur meshkujt urinojnë nga pozicioni në këmbë. Urina hyn në një vrimë të vogël grumbullimi dhe sensori e dallon urinën nga lëngjet e tjera të jashtme, si dhe urinën e njerëzve të ndryshëm. Urina më pas zhvendoset në kapsulën e provës dhe pas përfundimit të analizës, mbetjet lirohen nga pajisja dhe zhduken me shpëlarje.
Rezultatet e analizës dërgohen me valë (WiFi) në telefonin e përdoruesit dhe ruhen në aplikacionin Withings Health Mate.
Çmimi i U-Scan në Evropë është rreth 500 euro, por duhet theksuar se kjo pajisje nuk është aspak zëvendësues për laboratorët mjekësorë dhe kontrollet e rregullta mjekësore të urinës./Cnet
",,"ANALIZAT E URINËS, TELEFONI, ",,07.01.2023 23:52:00,Përgatiti: Nuhi Shala - KALLXO,
1820002889680,Prezantohet një prej telefonave inteligjentë më të fuqishëm Android,https://kallxo.com/teknologji/prezantohet-nje-prej-telefonave-inteligjente-me-te-fuqishem-android/,,https://kallxo.com/wp-content/uploads/2023/01/OnePlus-11-Foto-OnePlus-720x416.jpg,"Pas muajsh spekulimesh dhe thashethemesh rreth modelit të ardhshëm të OnePlus, telefoni u zbulua zyrtarisht këtë javë. OnePlus 11 u lansua në tregun kinez (prezantimi për tregun global është paralajmëruar për muajin e ardhshëm) dhe përdoruesit tashmë mund ta porosisin atë, ndërsa shitjet fillojnë të hënën, më 9 janar.
Siç u njoftua, telefoni vjen me harduer të fuqishëm dhe karikim të shpejtë, dhe mund të jetë me interes për këdo që po mendon të blejë një telefon të mençur të modelit më të lartë Android këtë vit. Diagonalja e ekranit AMOLED është 6.67 inç, me rezolucion 2K dhe shpejtësi rifreskimi 120 Hz.
Ai mundësohet nga çipi Snapdragon 8 Gen 2 i Qualcomm, i cili sjell deri në 35 për qind performancë më të mirë në krahasim me paraardhësin e tij, dhe telefoni do të jetë i disponueshëm me një maksimum prej 16 GB RAM. Kapaciteti i baterisë është 5000 mAh dhe mbështet karikimin 100 W përmes kabllit duke përdorur sistemin SuperVOOC të Oppo.
Në anën e pasme të pajisjes ka tre kamera – sensori kryesor Sony IMX980 prej 50 MP, më pas një kamerë ultra e gjerë 48 MP dhe një kamerë portreti 32 MP me sfond të avancuar dhe efekte të turbullimit të thellësisë. Ka një kamerë selfie 16 MP në pjesën e përparme, dhe kamerat në këtë pajisje janë bërë gjithashtu në bashkëpunim me Hasselblad.
Nëse është e vërtetë thënia se dita e mirë shihet në mëngjes, atëherë OnePlus mund të presë shifra të shkëlqyera shitjesh për telefonin e tyre. Gjegjësisht, siç njoftoi presidenti i departamentit kinez të kompanisë Li Jie, OnePlus 11 theu rekordin e shitjeve vetëm dy orë pas hapjes së para-porositjeve. Çmimi për tregun kinez është 545 euro për modelin me 12/256 GB, 600 euro për modelin me 16/256 GB, ndërsa varianti më i shtrenjtë me 16 GB memorie dhe 512 GB hapësirë për ruajtjen e të dhënave është 670 euro./ GSM Arena
",,"ANDROID, ONE PLUS 11, ",,07.01.2023 23:06:00,Përgatiti: Nuhi Shala - KALLXO,
1820002933072,Vjen një standard i ri i karikimit të telefonave të mençur i mbështetur nga Apple,https://kallxo.com/teknologji/vjen-nje-standard-i-ri-i-karikimit-te-telefonave-te-mencur-i-mbeshtetur-nga-apple/,,https://kallxo.com/wp-content/uploads/2023/01/Karikim-pa-tela-Foto-Getty-Images-720x480.jpg,"Konsorciumi Wireless Power (WPC) ka njoftuar se do ta prezantojë një standard të ri të karikimit me valë – Qi2 – deri në fund të këtij viti. Siç theksojnë ata, standardi i ri duhet ta unifikojë industrinë nën një standard global dhe të sigurojë komoditet dhe efikasitet më të mirë për pajisjet e lëvizshme dhe të veshura.
Konsumatorët dhe shitësit me pakicë na thonë se janë të hutuar se cilat pajisje janë të çertifikuara me Qi dhe cilat pretendojnë se punojnë me Qi, por nuk janë të certifikuara Qi. Ky konfuzion mund të çojë në përvojë të dobët të përdoruesit dhe madje edhe në çështje sigurie, thekson Paul Struhsaker, Shefi Ekzekutiv i Konsorciumit të Poëer ëireless. Standardi ynë i siguron konsumatorët që pajisjet e tyre janë të sigurta, efikase dhe të ndërveprueshme me markat e tjera. Qi2 do të jetë standardi global për karikimin me valë dhe do t’u sigurojë konsumatorëve dhe shitësve me pakicë atë siguri.
Është interesante se ishte Apple që siguroi bazën për standardin e ri Qi2 bazuar në teknologjinë e saj MagSafe. Siç thekson WPC, Apple dhe anëtarët e tjerë të konsorciumit kanë zhvilluar një profil të ri të fuqisë magnetike, i cili është thelbi i Qi2. Profili i Fuqisë Magnetike të Qi2 do të sigurojë që telefonat ose produktet e tjera celulare me bateri të rikarikueshme të jenë në linjë të përkryer me pajisjet karikuese, duke siguruar efikasitet të përmirësuar të energjisë dhe karikim më të shpejtë.
Standardi Qi2 (shqiptohet chee dy) do ta zëvendësojë paraardhësin e tij, Qi. Përveç ofrimit të karikimit më të shpejtë, standardi i ri do të hapë rrugën për rritje të konsiderueshme në të ardhmen në shpejtësitë e karikimit me valë, të cilat janë të sigurta, efikase në energji dhe nuk do të shkurtojnë jetëgjatësinë e baterisë apo dëmtojnë telefonin e përdoruesit, si dhe do ta mundësojnë karikimin në pozicione të tjera, pa qenë e nevojshme ta vendosni pajisjen në një sipërfaqe të sheshtë.
Efiçenca e energjisë dhe qëndrueshmëria janë në mendjen e të gjithëve sot, thotë Struhsaker. Shtrirja perfekte e Qi2 e përmirëson efikasitetin e energjisë dhe e zvogëlon humbjen e energjisë që mund të ndodhë kur telefoni ose karikuesi është i pozicionuar keq. Po aq e rëndësishme, Qi2 do ta reduktojë në masë të madhe mbetjet e landfillit të lidhura me zëvendësimin e një karikuesi me tela për shkak të thyerjes së prizës dhe tendosjes së kabllit nga mbyllja dhe shkyçja e përditshme./Dnevnik.hr
",,"APPLE, BATERI, KARIKUES, TELEFON, ",,07.01.2023 11:08:00,Përgatiti: Nuhi Shala,
1820002788240,Studimi: Sjellja e rrezikshme në internet 'pothuajse e normalizuar' në mesin e të rinjve,https://kallxo.com/teknologji/studimi-sjellja-e-rrezikshme-ne-internet-pothuajse-e-normalizuar-ne-mesin-e-te-rinjve/,,https://kallxo.com/wp-content/uploads/2022/12/Social-networks-Freepik.com_-636x480.png,"Sjellja e rrezikshme dhe kriminale në internet rrezikon të normalizohet në mesin e një gjenerate të rinjsh anembanë Evropës, sipas një studimi të financuar nga BE që zbuloi se një në katër 16-19-vjeçarë kanë ofenduar apo shqetësuar dikë në internet dhe një në tre janë angazhuar në pirateri dixhitale.
Një studim i financuar nga BE-ja gjeti prova të një sjelljeje të përhapur kriminale, të rrezikshme dhe delikuente midis grupmoshës 16-19 vjeç në nëntë vende evropiane, përfshirë Britaninë e Madhe.
Një sondazh me 8000 të rinj zbuloi se një në katër ka gjurmuar ose ofenduar dikë në internet, një në tetë është përfshirë në ngacmime në internet, një në 10 janë përfshirë në gjuhë të urrejtjes ose hakerime, një në pesë janë përfshirë në seks dhe një në tre është angazhuar në piraterinë dixhitale. Studimi gjithashtu zbuloi se katër nga 10 prej tyre kanë shikuar pornografi.
Julia Davidson, bashkëautore e hulumtimit dhe profesoreshë e kriminologjisë në Universitetin e Londrës Lindore (UEL), thotë se sjellja e rrezikshme dhe kriminale në internet po normalizohet pothuajse në mësin e një gjenerate të rinjsh evropianë.
“Hulumtimi tregon se një pjesë e madhe e të rinjve në BE po përfshihen në një formë të krimit kibernetik, në një masë të tillë që kryerja e krimeve të nivelit të ulët në internet dhe marrja e rrezikut në internet është bërë pothuajse e normalizuar”- tha ajo.
Davidson, e cila udhëhoqi hulumtimin me kolegen e saj në UEL, Prof. Mary Aiken, tha se gjetjet e hulumtimit treguan për pjesëmarrje më të madhe të meshkujve në sjellje të rrezikshme ose kriminale, me gati tri të katërtat e meshkujve që pranojnë një formë të krimit kibernetik ose marrjen e rrezikut në internet, krahasuar me 65% e femrave.
Sondazhi pyeti të rinjtë lidhur me rreth 20 lloje sjelljesh në internet, duke përfshirë shikimin e materialeve pornografike, postimin e pornografisë hakmarrëse, krijimin e fotografive seksuale të krijuara nga vetë dhe postimin e gjuhës së urrejtjes.
Sipas gjetjeve të sondazhit, diç më pak se gjysma e pjesëmarrësve u angazhuan në sjellje që mund të konsiderohen kriminale në shumicën e juridiksioneve, të tilla si hakerimi, shpërndarja pa konsensuale e pamjeve intime ose “mashtrimi i parave” – ku dikush merr para nga një palë e tretë dhe kalon në një praktikë të lidhur me të ardhurat e krimit kibernetik.
Sondazhi, i kryer nga një agjenci kërkimore me grupe mostrash të përdorura më parë, zbuloi se gjysma e 16-19-vjeçarëve shpenzonin katër deri në shtatë orë në ditë në internet, me gati katër nga 10 që shpenzonin më shumë se tetë orë në ditë në internet, kryesisht në telefona. Ai zbuloi se pesë platformat kryesore në mesin e këtij grupi ishin YouTube, Instagram, WhatsApp, TikTok dhe Snapchat.
Nëntë shtetet në anketë ishin Mbretëria e Bashkuar, Franca, Spanja, Italia, Gjermania, Holanda, Suedia, Norvegjia dhe Rumania. Vendi me përqindjen më të lartë të asaj që studimi e quan “devijancë kibernetike” – një përzierje e sjelljeve kriminale dhe jo-kriminale, por të rrezikshme – ishte Spanja me 75%, e ndjekur nga Rumania, Holanda dhe Gjermania me rreth 72%. Mbretëria e Bashkuar ishte në fund me 58%.
Studimi u ndërmor në bashkëpunim me qendrën e krimit kibernetik në Europol, një organ i BE-së që punon me agjencitë e krimit në të gjithë bllokun e BE-së ekonomik dhe financuar nga fondi Horizon i BE-së. Ai bën thirrje për edukim më të madh të të rinjve dhe prindërve për atë që duket të jetë sjellje potencialisht e dëmshme dhe e rrezikshme në internet.
Gjetjet janë publikuar në sfondin e rregulloreve të rëndësishme në internet në BE dhe Mbretërinë e Bashkuar. Në Mbretërinë e Bashkuar, projektligji i sigurisë në internet, i cili kthehet në parlament javën e ardhshme, do të krijonte një sërë veprash të reja penale. Ato përfshijnë inkurajimin e vetëdëmtimit në internet dhe ndarjen e pornografisë së rreme, që do të thotë pamje që janë manipuluar për t’u dukur si dikush pa pëlqimin e tyre.
Aiken shton se “Ligji i sigurisë në internet është potencialisht novator dhe trajton çështjet kryesore me të cilat përballet çdo vend. Ai mund të veprojë si një katalizator për ta mbajtur përgjegjës industrinë e teknologjisë. Projektligji përcakton një sërë masash kryesore për mbrojtjen e fëmijëve dhe të rinjve; megjithatë, gjetjet tona sugjerojnë se duhet të ketë më shumë fokus në llogaridhënien dhe parandalimin, veçanërisht në kontekstin e ofendimit të të rinjve në internet.”
BE sapo ka miratuar Aktin e Shërbimeve Dixhitale, i cili kërkon që platformat e mëdha në internet dhe Google të ndërmarrin veprime kundër rreziqeve të tilla si dhuna kibernetike ndaj grave dhe dëmtimi në internet ndaj fëmijëve./The Guardian
 
Përgatiti: Nuhi Shala
",,"INTERNET, SIGURIA, SJELLJET, ",,05.12.2022 11:03:00,The Guardian,
1820002893456,"Së shpejti telefonatat, por edhe përdorimi i aplikacioneve gjatë fluturimit me aeroplan",https://kallxo.com/teknologji/se-shpejti-telefonatat-por-edhe-perdorimi-i-aplikacioneve-gjate-fluturimit-me-aeroplan/,,https://kallxo.com/wp-content/uploads/2022/12/62433579-koristenje-mobitela-tijekom-leta-640x480.jpg,"Pasagjerët e linjave ajrore brenda Bashkimit Evropian do të mund t’i përdorin plotësisht telefonat e tyre gjatë fluturimit nga viti i ardhshëm, raporton BBC.
Komisioni Evropian ka vendosur që linjat ajrore mund të ofrojnë teknologji 5G në avionë, me përdorim më të ngadaltë të të dhënave celulare.
Kjo do të thotë se pasagjerët nuk do të duhet ta vendosin më telefonin e tyre në modalitetin aeroplan gjatë fluturimit, megjithëse është ende e paqartë se si do të zbatohet ky vendim, raporton BBC.
Afati i fundit për anëtarët për të vënë në dispozicion 5G është caktuar më 30 qershor të vitit të ardhshëm. Kjo do të thotë se pasagjerët do të mund t’i përdorin të gjitha funksionet e telefonit të tyre gjatë fluturimit, si thirrjet, por edhe aplikacionet për transmetim muzikor dhe video.
Thierry Breton, komisioneri i tregut të brendshëm të BE-së, tha se plani do t’u sigurojë njerëzve shërbime inovative dhe do të ndihmojë kompanitë evropiane të rriten ekonomikisht.
Tash e tutje qielli nuk do të jetë kufiri kur bëhet fjalë për mundësitë që ofron lidhja super e shpejtë me kapacitet të lartë, tha ai, siç raportohet nga BBC.
Dai ëhittingham, shefi ekzekutiv i Bordit të Sigurisë së Aviacionit të Britanisë, tha se vendosja e telefonave celularë në modalitetin e aeroplanit ka qenë më parë e rëndësishme për shkak të njohurive të pamjaftueshme rreth ndikimit të telefonave celularë në avion.
Ai shtoi se rrjeti 5G në Evropë funksionon në frekuenca që nuk ndërhyjnë me fluturimet./Dnevnik.hr
Përgatiti: Nuhi Shala
",,"FLUTURIMI ME AEROPLAN, TEKNOLOGJI, TELEFONATAT, ",,05.12.2022 11:00:00,Dnevnik.hr,
1820002889872,Honor prezanton telefonin e saj të ri të palosshëm,https://kallxo.com/teknologji/honor-prezanton-telefonin-e-saj-te-ri-te-palosshem/,,https://kallxo.com/wp-content/uploads/2022/11/Honor-Magic-Vs-Foto-Honor-720x405.jpg,"Honor ka prezantuar dy pajisje të reja në ofertën e saj. Bëhet fjalë për një telefon të palosshëm, Honor Magic Vs, i cili duhet të shfaqet edhe në tregun evropian dhe Honor 80, një telefon i serisë N i destinuar për përdoruesit që shpenzojnë shumë kohë duke prodhuar përmbajtje multimediale.
“Jemi jashtëzakonisht të kënaqur ta prezantojmë telefonin tonë të ri të gjeneratës së ardhshme HONOR Magic Vs që e përkthen inovacionin revolucionar dhe përvojën e jashtëzakonshme të përdoruesit në një dizajn elegant dhe modern”, ka deklaruar George Zhao, Shefi Ekzekutiv i Honor.
Sipas Zhao, Honor Magic Vs do të jetë modeli i parë kryesor i palosshëm që do të debutojë në tregjet jashtë shtetit dhe jemi të sigurt se do të sjellë përparime të mëdha dhe do të ndryshojë mënyrën se si njerëzit në mbarë botën i përdorin telefonat inteligjentë.
Siç u theksua gjatë prezantimit, Honor Magic Vs është vetëm 12.9 mm i trashë kur paloset dhe peshon vetëm 261 g, gjë që e bën atë aktualisht më të hollë në segmentin e tij, por edhe më të rehatshëm për tu mbajtur dhe përdorur. Ai është i pajisur me një bateri 5000 mAh që e mbështet karikimin e shpejtë, i cili, sipas Honor, duhet të zgjasë gjithë ditën.
Ashtu si disa telefona të tjerë të palosshëm në treg, kjo pajisje përdor një ekran të brendshëm fleksibël dhe një ekran të jashtëm, më të vogël. Sipas zyrtarëve nga Honor, ky është një ekran simetrik pa boshllëqe apo rrudha të dukshme dhe nëse do të mbetet i tillë edhe pas disa muajsh përdorimi, mbetet për t’u parë. Ata theksuan se pajisja ka një menteshë të lehtë që është bërë duke përdorur një teknologji të veçantë – është e derdhur në një copë, për shkak të së cilës numri i komponentëve është zvogëluar nga 92 në vetëm 4.
Mentesha është bërë nga materiale të cilësisë së lartë e cila përdoret në industrinë e aviacionit dhe, sipas Honor, mund të përballojë më shumë se 400 mijë hapje.
Ky model krenohet me një ekran 6,45 inç kur paloset, me një raport pamjeje 21:9 dhe një raport ekran-trup prej 90%. Kur shpaloset, ka një ekran 7.9 inç, duke e afruar më shumë me tabletët dhe duhet ta lehtësojë punën dhe shikimin e dokumenteve dhe përmbajtjeve multimediale për përdoruesit.
Zyrtarë nga Honor tutje shtojnë se ata i kushtuan vëmendje të veçantë shëndetit të syve të përdoruesve të tyre, kështu që Honor Magic Vs vjen me një shpejtësi të rifreskimit të ekranit prej 120 Hz, një funksion Dinamik Dimming që e rregullon ndriçimin e ekranit për të siguruar kontrast të përmirësuar në errësirë dhe një funksion i ri Circadian Night Display që i redukton efektet negative të dritës blu dhe i ndihmon përdoruesit ta përmirësojnë cilësinë e gjumit, energjinë dhe produktivitetin gjatë ditës. Gjithashtu, të dy ekranet janë të pajisura me teknologjinë e zbehjes PWM 1920 Hz që e redukton vibrimin.
Kjo pajisje vjen me një sistem kamerash të trefishtë që përbëhet nga një kamerë kryesore 54MP IMX800, një kamerë kryesore 50MP ultra e gjerë dhe makro dhe një kamerë me zmadhim optik 8MP 3X. Ato ndihmohen edhe nga Image Engine dhe inteligjenca artificiale, në mënyrë që fotot të jenë sa më të mira edhe në kushte më të këqija.
Mundësohet nga Qualcomm Snapdragon 8+ Gen 1 dhe vjen me 8 GB RAM dhe 256 GB hapësirë ruajtëse ose 12 GB RAM dhe 256/512 GB hapësirë ruajtëse.
Një risi interesante është sistemi i sigurisë së dyfishtë – Dual TEE (Trusted Execution Environment) i zhvilluar në bashkëpunim me Qualcomm, i cili u ofron përdoruesve mbrojtje në nivel harduer, duke siguruar privatësi dhe siguri të përmirësuar. Ai përdor Honor’s MagicOS 7.0 bazuar në Android 12 dhe vjen me të gjitha shërbimet e zakonshme të Google.
Përveç Magic Vs, u prezantua gjithashtu seria Honor 80, e cila përfshin Honor 80 Pro dhe Honor 80. E dizajnuar kryesisht për krijuesit e përmbajtjes multimediale, kjo seri është e pajisur me një veçori AI Vlog Master që ndihmon në identifikimin e saktë të skenarëve të xhirimit dhe rekomandon modalitet më të përshtatshëm të fotografimit, duke përfshirë makro, natë, portret, prerje solo, video me shumë video dhe video HDR, ndërsa Honor Image Engine ofron përpunimin e fotografisë dhe përshtatjen ndaj kushteve të ndryshme të ndriçimit.
Ashtu sikurse Magic Vs, seria Honor 80 vjen me një sistem kamerash të trefishtë në anën e pasme. Kështu, kamera kryesore 160 MP është përgjegjëse për nxjerrjen e fotografive, me një sensor të madh 1/1,56 inç me një piksel prej 2,24 µm, si dhe ka edhe kamera ultra të gjera prej 50 MP (Honor 80 Pro) ose 8 MP (Honor 80) dhe ai 2MP për përshtypjen e thellësisë në foto.
Këtu janë të pranishëm edhe Qualcomm Snapdragon 8+ Gen 1, një bateri 4800 mAh dhe Honor’s MagicOS 7.0 i bazuar në sistemin operativ Android 12. /Dnevnik.hr
Përgatiti: Nuhi Shala
",,"HONOR MAGIC VS, TELEFONI, ",,24.11.2022 09:52:00,Dnevnik.hr,
1820002931216,Post - rrjeti i ri social që dëshiron t’i tërheqë përdoruesit e pakënaqur nga Twitter,https://kallxo.com/teknologji/post-rrjeti-i-ri-social-qe-deshiron-ti-terheqe-perdoruesit-e-pakenaqur-nga-twitter/,,https://kallxo.com/wp-content/uploads/2022/11/Post-Foto-Post.news_-720x453.jpg,"Blerja e platformës mediale Twitter nga multimiliarderi Elon Musk dhe gjithë kaosi që pasoi pastaj, la pas vetës disa pasoja. Përveç faktit që shumë punonjës e humbën punën dhe Twitter humbi disa reklamues, disa përdorues njoftuan fshirjen e profileve të tyre në këtë rrjet dhe kthimin në alternativa tjera. Tani për tani, duket se ky numër është i vogël dhe nëse situata qetësohet me kalimin e kohës, mund të mos ketë pasoja të mëdha nga ky kaos në kompaninë Tëitter dhe në rrjetin social afatgjatë.
Mirëpo, për shkak të gjithçkaje që ka ndodhur së fundmi me Twitter-in, janë shfaqur disa rrjete të reja sociale që po mundohen të përfitojnë nga situata dhe të tërheqin përdoruesit që janë larguar nga rrjeti i Elon Musk ose po mendojnë për të. Tashmë kemi shkruar për rrjetin social Mastodon, i cili tërhoqi shumë vëmendjen e mediave, por edhe të përdoruesve të rinj, dhe një nga ato rrjete që duan ta sfidojnë Twitter-in, i cili është ende në fillimet e tij, është rrjeti i quajtur Post.
Ajo që e bën interesant këtë rrjet është themeluesi i tij. Po flasim për ish-shefin ekzekutiv të Waze, Noam Bardin, i cili e parashikoi Post-in si një vend për të debatuar me mirësjellje idetë, për të mësuar nga ekspertë, gazetarë, krijues individualë dhe të tjerë; një vend për bisedë dhe argëtim falas.
Sipas Bardinit, në ditët e sotme komunikimi në rrjetet sociale shpesh reduktohet në kërcënime, ofendime dhe humbje kohe. Me Post-in, ai dëshiron ta rikthejë kohën kur rrjetet sociale ishin argëtuese dhe kur mund të mësoje diçka dhe të “komunikoje me njerëz të lezetshëm”. Ky rrjet, opsionet e të cilit po punohen në mënyrë aktive, nuk do të ketë kufizime në gjatësinë e postimeve dhe siç jemi mësuar, përmbajtja do të mund të pëlqehet, komentohet, shpërndahet, etj.
Postimi do ta mundësojë shfaqjen e përmbajtjes nga burime të ndryshme përmes një ndërfaqe të thjeshtë pa pasur nevojë të hapet ajo përmbajtje në uebsajte të ndryshme dhe përdoruesit do të jenë në gjendje të japin këshilla për krijuesit e përmbajtjes.
Duke qenë se rrjeti në fjalë është ende në testim, numri i përdoruesve të tij nuk është i madh, por kjo është arsyeja pse ekziston një listë e gjatë pritjeje me shumë përdorues që duan të provojnë diçka të re dhe ta testojnë Post-imin./ 9to5Google
Përgatiti: Nuhi Shala
",,"POST, TWITTER, ",,22.11.2022 12:47:00,Nuhi Shala,
1820002938768,"Në Irlandë, kabinat telefonike po zëvendësohen me karikues për automjetet elektrike",https://kallxo.com/teknologji/ne-irlande-kabinat-telefonike-po-zevendesohen-me-karikues-per-automjetet-elektrike/,,https://kallxo.com/wp-content/uploads/2022/11/Zimo.hr_-720x480.jpg,"Sot, kur jeta jonë pa telefona inteligjentë është bërë e paimagjinueshme dhe industria e automjeteve po kalon një revolucion të madh, është e vështirë të imagjinohet se si vetëm 25 vjet më parë shumica e njerëzve nuk kishin as telefona celularë, ndërsa elektrifikimi dukej si një vizion që mund të ishte realizuar në të ardhmen e largët.
Nëse dëshironit të bëni një telefonatë në fund të viteve nëntëdhjetë, dhe nuk ishit në shtëpi ose në zyrë, mund të ndaleshit në zyrën postare dhe ta bënit një telefonatë prej andej ose të bënit një telefonatë nga një nga telefonat publikë që kanë qenë tëe vendosur nëpër qytete. Por me avancimin e teknologjisë, situata ka ndryshuar në mënyrë drastike në një kohë mjaft të shkurtër. Kabinat telefonike tashmë pothuajse janë bërë pjesë e historisë, dhe është veçanërisht domethënëse ajo që po ndodh me ato që janë ende të instaluara në Irlandë, pra në vendet ku ishin instaluar më parë.
Konkretisht, rrjeti më i madh privat për karikimin e automjeteve elektrike në Irlandë, EasyGo, ka paralajmëruar një investim të madh në stacione të karikimit të shpejtë në fshatrat dhe qytetet e vendit dhe synojnë ta instalojnë një pjesë të infrastrukturës së tyre në vendet ku ishin kabinat telefonike (ose janë ende).
Për ta udhëhequr Irlandën drejt përdorimit të automjeteve elektrike më të gjelbra, ne duhet ta kemi infrastrukturën e nevojshme, jo vetëm në qytete, por në të gjithë vendin”, komentoi Shefi Ekzekutiv i telekomit kryesor irlandez Eira, Oliver Loomes. Ai theksoi se, ashtu sikurse telefonat që me pagesë ishin me interes publik për shumë njerëz, karikuesit e instaluar tani do të luajnë atë rol.
Përveç 2400 pikave ekzistuese të karikimit në Irlandë, EasyGo ka njoftuar instalimin e 200 karikuesve të rinj të shpejtë, të cilët sigurisht do të mirëpriten nga numri në rritje i pronarëve të automjeteve elektrike. Sipas të dhënave nga shoqata që përfaqëson industrinë e automobilave në Irlandë, rreth një e shtata e automjeteve të shitura këtë vit janë automjete elektrike dhe pjesa e tyre do të vazhdojë të rritet./Electrek
",,"IRLANDA, KABINA TELEFONIKE, TEKNOLOGJIA, ",,11.11.2022 10:34:00,Nuhi Shala,
1820002889744,Instagram po teston 'ripostimin' e përmbajtjes së njerëzve të tjerë,https://kallxo.com/teknologji/instagram-po-teston-ripostimin-e-permbajtjes-se-njerezve-te-tjere/,,https://kallxo.com/wp-content/uploads/2020/08/Instagram-foto-REL-ISNA-695x430.jpg,"Instagram po teston një veçori të re që imiton rrjetet e tjera sociale. TechCrunch shkruan se Instagram ka konfirmuar testet e “ripostimeve” për ta sjellë përmbajtjen e njerëzve të tjerë në timelin-in tuaj. Është e ngjashme me retweet-et e Twitter, ose llojin e ri-shpërndarjeve që janë të zakonshme në Tumblr dhe Facebook, dhe po testohen gjithashtu në TikTok.
TechCrunch shkruan se Matt Navarra, konsulent i mediave sociale që postoi pamjet në Twitter të mërkurën, vuri re funksionin opsionin “repost”. Sidoqoftë, zhvilluesi i celularëve dhe zbuluesi Alessandro Paluzzi vuri re të njëjtën veçori në zhvillim në Twitter në maj, duke treguar se Instagram ka punuar për të për disa kohë.
Ndarja e postimit të dikujt tjetër për t’u parë nga ndjekësit e profilit tuaj nuk është krejtësisht e re për përdoruesit e Instagramit. Përdoruesit mund të ndajnë postime publike për ndjekësit e tyre, por vetëm në Instagram Story ose përmes mesazheve direkte. Tani testi do t’i lejojë përdoruesit të ndajnë një postim në burimet e tyre pa pasur nevojë ta regjistrojnë atë dhe ta ripostojnë ose të kalojnë përmes një burimi tjetër.
Përveç ripostimit brenda burimit tuaj, Instagram i ka ndryshuar opsionet e tij të ndarjes ndër-platformë. Tani ekziston një mundësi për të ndarë në Snapchat, Messenger ose WhatsApp përpara se të ndahet përmes mesazheve direkte, e cila është përsëri e ngjashme me qasjen e TikTok.
Instagram ka anuluar një test për ta ridrejtuar aplikacionin drejt një furnizimi me ekran të plotë të pamjeve dhe videove të fuqizuara nga AI, pjesë e metamorfozës së tij të dukshme të ngadaltë në TikTok, por ata nuk po heqin dorë nga këto përpjekje. Një tjetër test i fundit u jep përdoruesve të Instagram mundësinë për të zgjedhur dhe shënuar postime të shumta si “jointeresante” për ta trajnuar algoritmin e sugjerimeve sipas preferencave të përdoruesit.
Ne po eksplorojmë aftësinë për t’i rishpërndarë postimet në Furnizim, ngjashëm me mënyrën se si mund t’i rishpërndani në Stories, në mënyrë që njerëzit të mund të ndajnë atë që u pëlqen dhe t’i vlerësojnë krijuesit origjinalë për punën e tyre. Ne planifikojmë ta testojmë së shpejti me një numër të vogël njerëzish, ka shpjeguar për The Verge zëdhënësja e Meta, Seine Kim. Megjithatë, ajo vuri në dukje se funksioni nuk është ende i disponueshëm publikisht për testim./ The Verge
Përgatiti: Nuhi Shala
",,"INSTAGRAM, RRJETET SOCIALE, ",,12.09.2022 11:33:00,The Verge,
