article_no,id,title
1,1738844905808,Problemet e Foxconn do të dëmtojnë edhe më shumë fabrikën gjigante të iPhone në Kinë
2,1738844483824,"Twitter do të lansojë shenjat e verifikimit me tri ngjyra të ndryshme - si do të duken të kompanive, qeverive dhe njerëzve"
3,1738812968752,Cilat janë disa ofertat më të mira për Black Friday nga Nintendo Switch?
4,1738844899408,Ruteri juaj është në vendin e gabuar - ku duhet ta vendosni për internet më të shpejtë
5,1738812528368,Amazon Alexa është në telashe të mëdha
6,1738810927328,Rregullatori brazilian sekuestroi iPhone-at nga dyqanet pasi Apple nuk respektoi kërkesën për t’i shitur telefonat me karikues
7,1738844905648,Samsung thuhet se është furnizuesi më i madh i ekraneve OLED për iPhone 14
8,1738843778608,Televizori i padukshëm kthehet në dekor kur fiket
9,1738845095344,Stadiumet e Katarit janë me ajër të kondicionuar dhe kanë një sistem të pastrimit të ajrit
10,1738845062464,Grupi pro Kremlinit raportohet se ka kryer sulmin kibernetik ndaj Parlamentit Evropian
11,1738844906128,Telefoni i palosshëm Honor Magic VS do të dalë në treg edhe jashtë Kinës
12,1738845096048,Nëndetësja e veçantë elektrike për tre persona që mund t'ju ndihmojë të eksploroni thellësinë detare
13,1738844254480,Britanikja humbi iPhone-in e saj në det derisa bënte ‘sërf’ – telefoni i del në breg pas 460 ditësh
14,1738844745584,Musk thotë se sistemi i verifikimit me pagesë nuk pritet të lansohet derisa platforma të zgjidhë çështjen e imitimit të individëve dhe organizatave
15,1738845013040,Thuhet se Samsung Galaxy Tab S8 FE do vije me një ekran LCD – mbështet edhe majën shkruese
16,1738844769520,"FBI-ja arreston rusët që dyshohet se qëndronin pas bibliotekës pirate ""më të madhe në botë"" të librave elektronikë"
17,1738844769328,Fitbit Sense 2 dhe Versa 4 marrin përditësimin e parë të softuerit me veçori të reja dhe rregullime të gabimeve
18,1738845063040,Apple po sjell modalitetin e duhur të kursimit të baterisë në watchOS 9
19,1738843773232,Musk tashmë e ka larguar shefen e reklamave në Twitter
20,1738843775280,Punonjësit po largohen masivisht prej punës në Twitter
21,1738844905968,Drejtori ekzekutiv i Amazon thotë se më shumë pushime nga puna do të ndodhin në 2023
22,1738844769904,Përdoruesve të Twitter u kërkohet që të arkivojnë mesazhet mes thashethemeve për kolapsin e rrjetit social
23,1738845064336,Bashkimi Evropian po nxjerr një sistem të vetin interneti satelitor
24,1738843779376,Twitter mbyll zyrat për stafin deri në javën e ardhshme
25,1738844906448,"Lanius është një dron i vogël izraelit, por i fuqishëm për kërkim dhe sulm"
26,1738843769904,IBM prezanton superkompjuterin e parë modular kuantik
27,1738844906288,Netflix bëri të mundur heqjen e pajisjeve të padëshiruara nga profilet e përdoruesve
28,1738844838032,"Apple lanson në disa vende funksionin e dërgimit të mesazhit përmes satelitit, kur keni nevojë për ndihmë në zonat pa sinjal"
29,1738843632752,"Gjermanisë i mungojnë 137,000 ekspertë të IT-së – kërkohet ‘zbutje e kritereve’ për të interesuarit nga jashtë"
30,1738843773104,Blogerët krijojnë një iPhone të palosshëm
31,1738843772976,Shfletuesi Opera bëhet me qasje të shpejtë në TikTok
32,1738843781936,OnePlus Pad thuhet se do të vijë në vitin 2023
33,1738845099744,"TP-Link vjen me gjeneratën e ruterëve që ""shkojnë direkt tek Wi-Fi 7"""
34,1738844837616,Raporti i transparencës së Xbox zbulon se deri në 4.78 milionë llogari u pezulluan në mënyrë proaktive në vetëm gjashtë muaj
35,1738845100448,Apple rrit përpjekjet për softuerin me realitet të përzier në përgatitje për lançimin në 2023
36,1738844854896,Si mundet që një ‘hundë elektronike’ të ndihmojë në luftimin e zjarreve malore
37,1738845013296,“Më i madhi në Kosovë”: Rrëfimi i djaloshit që ka krijuar një aeroplan me telekomandë
38,1738844905328,Një hulumtim vë në fokus ndikimin e Rusisë mbi bandat kriminale ransomware
39,1738844769712,"ACA përmbylli me sukses Muajin e Sigurisë Kibernetike, publikoi raportin e sigurisë në media dhe shoqëri civile"
40,1738844770096,Google po nxjerr një përditësim për Nest Wifi Pro për të rregulluar shpejtësitë e ngadalta të internetit
41,1738844743568,Meta anulon planet e saj për “Portal” dhe dy orët e mençura të palansuara
42,1738844906608,Australia fajëson kriminelët kibernetikë në Rusi për shkeljen e të dhënave të Medibank
43,1738844906928,"Si mund të parandaloni nxehjen e tepërt të iPhone-it tuaj, disa prej mënyrave"
44,1738844770288,Ukraina do të kërkojë ndihmë nga aleatët për të financuar shërbimin Starlink nëse SpaceX i kërkon pagesë
45,1738843780400,Samsung vendosë rekord të ri të rrjetit 5G
46,1738845067792,Kufjet XR të Apple do të hyjnë në prodhim masiv në mars të 2023
47,1738845068080,Disa prej veçorive që flitet të vijnë në modelin iPhone 15
48,1738844907088,Ameca - roboti humanoid më i avancuar në botë së shpejti mund të bëhet me këmbë
49,1738845068800,Droni amerikan XQ-58A Valkyrie që ka rreze veprimi prej 5.600 kilometra
50,1738844746032,"Google dhe Renault shpallin partneritet për të zhvilluar një ""automjet të përcaktuar nga softueri"""
51,1738844854176,MediaTek prezanton çipin Dimensity 9200 – këto janë disa nga specifikat kryesore
52,1738844135920,Twitter u thotë reklamuesve se rritja e përdoruesve është në ‘maksimumet e të gjitha kohërave’ nën drejtimin e Elon Musk
53,1738845103968,"Thuhet se këtë javë Meta po planifikon që të pushojë nga puna ""mijëra"" punëtorë"
54,1738844770480,Elon Musk shtyen planin e verifikimit në Twitter me 'blue check' prej 8 dollarësh deri pas zgjedhjeve afatmesme
55,1738844837824,Dritare që prodhojnë energji elektrike? Shkencëtarët zviceranë projektojnë panele diellore transparente me efikasitet edhe më të madh
56,1738845104496,Apple konfirmon se dërgesat e iPhone do të vonohen për shkak të kufizimeve për COVID-19 në Kinë
57,1738844907408,Ekzekutivët që qëndrojnë pas debaklit të MoviePass tani po përballen me akuza penale
58,1738844770672,"Bashkë themeluesi i Twitter, Jack Dorsey merr përgjegjësinë për largimet e shumta nga puna që po bëhen nga Elon Musk"
59,1738844745808,Mastodon përfiton nga situata “kaotike” në Twitter pas blerjes nga Musk
60,1738845069808,Kompania Lyft do të pushojë nga puna 13 për qind të stafit të saj
61,1738844419248,Sa gjeneron dhe riciklon Evropa mbeturina elektronike?
62,1738845070672,Microsoft zgjat mbështetjen teknologjike pa pagesë për Ukrainën
63,1738843768752,Kur nuk ka kamarierë do të zëvendësohen me robotë
64,1738845071104,Sony do të lansojë kufjet e saj virtuale PSVR2 më 22 shkurt
65,1738844907248,Elgato lanson FacecamPro që mund të incizojë me rezolucion 4K me shpejtësi 60fps
66,1738845071824,Koncepti i ri i Xiaomit ju lejon të ngjitni një lente të kamerës Leica
67,1738844906768,Ligji i BE-së që do të duhej të frenonte dominimin e Facebook dhe Google
68,1738845071968,Çipi Dimensity 9200 i Mediatek do të mbërrijë me 8 nëntor
69,1738845106960,Google zbulon se cila metodë përdorimi e Pixel Watch ju siguron jetëgjatësi të baterisë prej 24 orëve
70,1738844907888,Musk thuhet se urdhëroi pushime nga puna në të gjithë kompaninë e platformës Twitter
71,1738845072832,Mark Zuckerberg po përpiqet të bëjë atë që Google bëri me Android
72,1738839357136,Figurat e ekstremit të djathtë fituan mijëra ndjekës të rinj në Twitter në 24 orët para se Elon Musk të bëhej pronar – njofton kompania kërkimore
73,1738844838864,"Mira Murati, shqiptarja që është Shefe e Teknologjisë në kompaninë e njohur OpenAI tregon në The DailyShow për sistemin DALL-E 2"
74,1738844907568,A mund të vidhen të dhënat tuaja biometrike përmes videove në rrjetet sociale?
75,1738845108192,Drejtuesit e lartë të Twitterit do të marrin 88 milionë dollarë së bashku nëse Elon Musk i shkarkon ata
76,1738844908048,"Kontrollorët retro Nintendo mund të përdoren për iPhone, Apple TV dhe Mac"
77,1738845073552,Apple mund të prezantojë vitin e ardhshëm një iPad 16 inç
78,1738845108896,"Rënie e madhe e aksioneve të META-s, Zuckerberg: Ata që investojnë tek ne, në fund do të shpërblehen"
79,1738844908208,Ekzekutivi i Apple për Metaverse-n: Është një 'fjalë që nuk do ta përdor kurrë'
80,1738844831792,"Musk premtoi në një video-telefonatë me bankierët se do të mbyllte marrëveshjen me Twitter deri të premten, sipas një raporti"
81,1738845109600,"Apple konfirmon se iPhone-i do të bëhet me USB-C, por kompanisë nuk i duket ide aq e mirë"
82,1738843779888,PayPal ka marrë një përditësim të madh sigurie
83,1738844838240,Një peshk robotik “ha” plastikë dhe pastron ujin nga mbeturinat
84,1738844908368,Apple po shkurton prodhimin e iPhone 14 Plus për shkak të kërkesës së dobët
85,1738843780912,"Rikthehet WhatsApp, pas një ndërprerje prej dy orësh"
86,1738844908528,SHBA pretendon se hetimi i Huawei ishte në shënjestër të spiunëve kinezë
87,1738845075136,Steam kalon shifrën rekorde prej 30 milionë përdoruesve të njëkohshëm
88,1738845242272,Një robot bujqësor - autonom me shumë përdorime - nga Zelanda e Re pritet të transformojë industrinë
89,1738844770864,Si i nxiti Covid startup-et aziatike të përdorin teknologjinë për të revolucionarizuar mbështetjen e shëndetit mendor
90,1738844908848,Nënsistemi i Windows 11 për Android së shpejti do të fitojë mbështetje për Android 13
91,1738843768240,Miniclip ka mbyllur zyrtarisht serverët e tij
92,1738839207312,Studiuesit thonë se Facebook dhe TikTok po miratojnë reklama me dezinformata ‘flagrante’ rreth votimit në zgjedhjet e Kongresit në SHBA
93,1738845243328,India gjobit gjigantin e teknologjisë Google me 164.4 milionë euro për praktika të padrejta
94,1738845243680,"Përdoruesit e internetit u tronditën nga ajo që fshihej pas opsionit ""Unë nuk jam robot"""
95,1738843767344,Mark Zuckerberg: Metaverse do të shpaloset në tre hapa
96,1738844418912,Roboti i Google që luan ping pong
97,1738845076576,Apple TV 4K i ri është më i mirë dhe më i lirë se modeli i vjetër
98,1738844419472,Starlink po vjen edhe në aeroplanë
99,1738845077152,"Bugatti sjell orën inteligjente sportive, kushton 2500 euro"
100,1738843780656,Samsung prezantoi RAM-in më të shpejtë deri më sot
101,1738845013808,"Bezos i përgjigjet kritikave për investimin në hapësirë, në vend që të zgjidhen problemet në Tokë: Ne shkojmë në hapësirë jo për të braktisur shtëpinë tonë, por për ta mbrojtur atë"
102,1738843633056,"Netlix ndalë rënien, në tre muajt e fundit regjistron rritjen e numrit të parapaguesve – shkon në 2.4 milionë"
103,1738845245264,"Musk: Për shkak të internetit satelitor Starlink në Ukrainë, po humbin 20 milionë dollarë në muaj"
104,1738843773488,iPad Pros të rinj vijnë me procesor më të shpejtë M2
105,1738845013552,"Apple prezantoi iPadin e ri, nga porti USB-C te cilësia e kamerës – disa prej specifikave"
106,1738843633360,"Biçikleta elektrike që lëvizë nëpër ujë, kushton 9 mijë dollarë – nevojiten 40 minuta për të mësuar si ta drejtojmë"
107,1738845246144,"Apple mund të lansojë më përpara një iPad të palosshëm në vitin 2024 se sa një iPhone, thonë analistët"
108,1738844771056,Komisioni Federal i Komunikimeve mund të ndalojë të gjitha blerjet e reja të pajisjeve të telekomit Huawei dhe ZTE
109,1738845246672,"Breshka amfibe zhvillohet nga hulumtuesit e universitetit të Yale, ky robot mund të ecë dhe notojë"
110,1738845014320,“Zë në tërë hapësirën” i Apple Music vjen në modelet e përzgjedhura të Mercedes-Benz
111,1738844909008,"Prototipi i turbinës me erë thyen rekord, prodhon 359 MWh energji elektrike për 24 orë"
112,1738844771248,"Elon Musk thotë se Starlink do të vazhdojë të financojë qeverinë e Ukrainës ""falas"", pavarësisht humbjes së parave"
113,1738844908688,Nvidia pezullon lëshimin e RTX 4080 12 GB për shkak të çështjeve me emërtimin
114,1738844771440,"Elon Musk ndryshon mendje për Starlink: ""Ne do të financojmë Ukrainën falas"""
115,1738845259936,Punëtorët e Apple Store në Oklahoma votojnë për bashkim në sindikata
116,1738844854416,"""Nuk është vetëm SpaceX"", Pentagoni shqyrton ofertat pasi Musk tha se mund t'i përfundojë shërbimet në Ukrainë"
117,1738844771632,Autoritetet ukrainase i përgjigjen Elon Muskut pasi Space X nuk dëshiron më të dërgojë internet falas për Ukrainën
118,1738843776688,Pesë miliardë telefona do të hidhen në vitin 2022
119,1738844771824,"Elon Musk është nën hetim federal në lidhje me marrëveshjen e tij për blerjen e Twitter, pretendon Twitter"
120,1738844746256,"SpaceX, kompania e Elon Musk thotë se nuk mund të paguajë më për shërbimet kritike të satelitit në Ukrainë, kërkon nga Pentagoni që ta bëjnë këtë"
121,1738845260944,Truth Social tani është në dispozicion në Google Play Store
122,1738844909328,Google Meet së shpejti do t'u dërgojë përdoruesve transkriptet e takimeve
123,1738845261376,"DevCon Prishtina 2022, për komunitetin e IT-së nga komuniteti i IT-së"
124,1738845261664,Kompanitë e mëdha teknologjike po largojnë fabrikat nga Kina
125,1738843733808,Elon Musk bllokon Ukrainën nga përdorimi i Starlink në Krime
126,1738844909488,"Shitje e dobët e kompjuterëve, Intel planifikon të pushojë nga puna mijëra punonjës"
127,1738845250016,"U pushua nga puna pasi refuzoi të mbante kamerën ndezur gjatë punës, burri në Holandë fiton gjyqin"
128,1738845262528,"Avatarët e rinj do të kenë këmbë në metaverse, thotë Zuckerberg"
129,1738844909168,"Zuckerberg prezanton kufjet e reja VR, Quest Pro që do të kushtojnë 1,499 dollarë"
130,1738844909648,Cili është shfletuesi më i sigurt dhe më i rrezikshëm i internetit në 2022?
131,1738844746480,Rusia e shton Meta-n në listën e grupeve ‘terroriste dhe ekstremiste’
132,1738845250192,Rrjeti satelitor Starlink i Elon Muskut është i disponueshëm edhe në disa pjesë të Kosovës
133,1738843733232,Musk thotë se Pekini nuk dëshiron që ai ta shesë Starlinkun në Kinë
134,1738845061456,Roboti Ameca imiton shprehjet e fytyrës së një studiuesi në kohë reale
135,1738845250368,"Rripi 'Metal Links Band' i Google Pixel Watch kushton 205 euro, ndërsa 'Metal Mesh' kushton 133 euro"
136,1738844772016,"Google Pixel Watch do të marrë përditësime të Wear OS për të paktën 3 vjet, duke përfshirë edhe veçori të reja"
137,1738844909968,Aeroplani elektrik i ndërtuar nga studentët ngjitet në qiellin e Zvicrës
138,1738845061744,Kufjet Google Pixel Buds A-Series TWS marrin një ngjyrë të re
139,1738844772208,Biden nënshkruan urdhrin për zbatimin e kornizës së privatësisë së të dhënave në mes të BE-së dhe SHBA-së
140,1738844910128,Fati i marrëveshjes së Elon Musk për të blerë Twitter tani mbetet tek paratë
141,1738844854656,"‘Eagle-sat’ shqiptarë në NASA, krijojnë aplikacionin që ndjek krateret e Hënës"
142,1738844419584,Vidhen dy milionë BNB në Binance
143,1738845062176,Ish-shefi i sigurisë së Uber-it dënohet për fshehje të një krimi
144,1738844909808,Forcat ukrainase raportojnë ndërprerje të Starlink gjatë kundërsulmit kundër Rusisë
145,1738844419696,Windows 11 shton veçori të reja
146,1738843773616,Gjyqi në mes të Twitter dhe Musk tani në pauzë
147,1738844419136,Specifikat kryesore Samsung Galaxy Watch5 dhe Watch5 Pro
148,1738843767728,Samsung pritet të ketë 32 për qind të ardhura më pak
149,1738844910288,Apple thuhet se është në bisedime për të prodhuar kufjet AirPods dhe Beats në Indi
150,1738844907728,Google zbulon telefonat e rinj Pixel 7 dhe orën e parë inteligjente Pixel
151,1738845249664,Google do t'i paguajë Arizonës 85 milionë dollarë për gjurmimin e përdoruesve të Android
152,1738843769008,Këto janë të gjitha projektet që i ndaloi Google
153,1738812939568,Tim Cook: Njerëzit e rëndomtë nuk e kuptojnë Metaverse
154,1738845250720,Micron do të investojë deri në 100 miliardë dollarë në fabrikën e gjysmëpërçuesve në New York
155,1738845250544,"Hakerët gjetën një mënyrë të re për të ""hakuar"" PlayStation 5"
156,1738844839280,"BE merr vendimin: Nga vjeshta e vitit 2024, mbushësi universal për të gjitha pajisjet mobile do të jetë i qasshëm në treg"
157,1738845251248,Sony porosit 2 milionë kufje PlayStation VR2 - supozohet se cili mund të jetë çmimi i tyre
158,1738845062896,Samsung thotë se do të trefishojë prodhimin e çipave deri në vitin 2027
159,1738844418800,Nvidia mbyll zyrat e saj në Rusi
160,1738845065344,BE-ja thotë se ka mbrojtje të pamjaftueshme për kabllot nënujore
161,1738845250896,"Nest Doorbell i ri del në raftet e dyqaneve më herët se që ishte paraparë, zbulohet edhe çmimi"
162,1738844010608,"Nga viti i ardhshëm, Google do t’ju njoftojë kur të dhënat e juaja shfaqen në rezultatet e kërkimeve"
163,1738844772400,Roboti Cassie ka vendosur një rekord të ri botëror Guiness për vrapimin në 100 metra mes robotëve dykëmbësh
164,1738844772592,"Meta është në rënie të lirë: Përdoruesit po largohen, të ardhurat janë në rënie, aksionet vazhdojnë të bien"
165,1738844839488,"Vladimir Putin mund të 'sulmojë sistemet e komunikimit e Mbretërisë së Bashkuar nga hapësira', paralajmëron shefi i ushtrisë britanike"
166,1738844855136,Tesla prezanton robotin e saj humanoid që ka çmim prej ‘më pak se 20 mijë euro’
167,1738845065632,Intel bënë publik çmimin dhe disponueshmërinë për Arc A750
168,1738845066928,Gruaja u kap nga Google Street View në të njëjtin vend pas nëntë viteve
169,1738845066352,SHBA-ja mposhti Rusinë në një betejë për kontrollin e internetit global
170,1738845251424,Japonia do të paguajë deri në 325 milionë euro për prodhimin e çipave të kompanisë amerikane
171,1738844910768,Meta po përdor Inteligjencën Artificiale për gjenerimin e videove nga vetëm disa fjalë
172,1738844772784,Një projektues zbulon dizajnin mahnitës të aeroplanit supersonik që mund t'ju çojë nga Londra në Nju Jork në 80 minuta
173,1738845251600,"Telefonat Samsung Galaxy mund të ndikohen nga problemi i fryrjes së baterisë, pretendon YouTuberi"
174,1738843633664,Tavolina me 12 këmbë hedh hapat e saj të parë - programuesi holandez çon mobiljet “në një nivel krejtësisht të ri”
175,1738844910928,"Apple heq konkurrentin rus të Facebook-ut nga App Store, duke përmendur sanksionet"
176,1738812939824,Starlink i Elon Musk tani është aktiv në Iran
177,1738845066784,Syzet e realitetit të shtuar të Nreal lansohen në SHBA për 379 dollarë
178,1738843779632,Apple do të nisë prodhimin e iPhone 14 në Indi
179,1738844772976,"Tim Cook thotë se ende nuk ka ""mjaftueshëm gra"" në sektorin e teknologjisë"
180,1738844911088,Drejtuesit e Amazon duhet të dëshmojnë në hetimin e Komisionit Federal për Tregti
181,1738845251952,Apple arrin marrëveshjen për të sponsorizuar shfaqjen e pushimit mes pjesëve të NFL Super Bowl
182,1738844910608,Elon Musk merr dritën e gjelbër për aktivizimin e internetit me Starlink për iranianët
183,1738845068512,Apple AirPods Pro 2 merr përditësimin e parë të firmuerit
184,1738812940080,Çka pritet nga ngjarja e pajisjeve të Google?
185,1738844911408,Uber thotë se grupi i hakerëve Lapsus$ qëndron pas incidentit të sigurisë kibernetike
186,1738844910448,Ndërprerjet e mëdha të internetit në Iran janë një shkak serioz për shqetësim
187,1738845251072,"""Si të thyejmë krahun"" kryeson kërkimet në Google në Rusi pas thirrjes për mobilizim nga Putin"
188,1738845234032,Google zbuloi pamjen e Pixel Watch
189,1738844773168,Vjena është e para në botë që teston një avatar për personat me dëmtim të dëgjimit që përdorin transportin publik
190,1738845012528,Lajm i mirë për përdoruesit e iPhone që kanë raportuar problemin me ‘dridhjen’ e kamerës
191,1738845069664,Prezantohet konzola e lojërave të dorës Logitch G Cloud me ekran 7 inç
192,1738845070816,YouTuberi teston funksionin e detektimit të përplasjes në iPhone 14 Pro
193,1738844911728,Me iOS 16 mund të dërgoni emoji përmes Sirit në çdo aplikacion të iPhone
194,1738812940720,YouTuberi teston në ujë telefonin iPhone 14 Pro Max
195,1738844419360,A është iPhone 14 rezistent ndaj ujit?
196,1738844911248,Elon Musk thotë se interneti Starlink i SpaceX është aktiv në shtatë kontinentet
197,1738845014832,Përdorues të iPhone 14 Pro Max raportojnë defekt në kamerë – pamjet tregojnë një 'dridhje'
198,1738845015088,Biçikleta e parë ‘fluturuese’ bënë debutimin e saj – ka shpejtësi maksimale prej 100kMh
199,1738845070960,Rockstar me mesazh pas rrjedhjes së fotografive dhe videove të GTA 6
200,1738844855376,Shkencëtarët japonezë përpiqen t'i mësojnë robotët të “qeshin në kohën e duhur”
201,1738845072544,Google Play me ndryshime të mëdha që janë pritur prej kohësh
202,1738844912048,Rrjedh në internet ‘Gameplay’ i GTA 6
203,1738844419024,Mbërrin në Evropë Realme Watch 3
204,1738844773360,"Amerikani merr një pagesë të pashpjegueshme prej afro 250 mijë eurove nga Google, ata thonë se ishte gabim"
205,1738844912208,Çfarë mund të na tregoj Google Trends për ndjenjat anti-monarki në internet?
206,1738845072400,"Uber u hakua nga një adoleshent, punëtorët menduan se ishte një shaka"
207,1738845073696,"Dalin në shitje Seritë e Apple iPhone 14, Apple Watch 8 dhe Watch SE"
208,1738844911888,YouTube do të shfaqë pesë reklama në vend të dy para fillimit të një videoje?
209,1738845073840,Si varion çmimi i iPhone 14 Pro Max në disa vende të botës?
210,1738812939056,Adobe do të blejë platformën e dizajnit Figma
211,1738845274160,Apple thotë se Aktivitetet e Drejtpërdrejta në “Lock Screen” mund të vijnë me lansimin e iOS 16.1
212,1738845074416,Xiaomi 12T dhe Xiaomi 12T Pro mund të lansohen javën e ardhshme
213,1738845074560,SHBA-ja sanksionon dhjetë iranianë për sulmet e fundit kibernetike
214,1738845014576,Zuckerberg prezanton platformën e Inteligjencës Artificiale – përmban mbi 150 mijë projekte
215,1738845074272,"Winamp ka marrë një përditësim të ri, mbështetje për Windows 11"
216,1738844912528,Google po konsideron mundësinë për të prodhuar një pjesë të telefonave Pixel në Indi
217,1738844911568,Inxhinierët ndërtojnë robotin për të mos i lënë të moshuarit të rrëzohen
218,1738845074992,"AllWeb Albania rikthehet në Shqipëri këtë nëntor, pas dy vitesh!"
219,1738845241744,Kina filloi ndërtimin e bazës së saj më të madhe të energjisë diellore në një shkretëtirë
220,1738844773552,Elon Musk përpiqet që t’i jap fund marrëveshjes me Twitter
221,1738845252128,ChromeOS do të merr turbullimin e integruar të sfondit dhe veçori të tjera në thirrjet me video
222,1738844839072,Google mund të jetë duke punuar mbi një tabletë të dytë ‘Pro’ Pixel
223,1738812941488,Apple do të lansojë iOS 16 më 12 shtator
224,1738812938800,iPhone i ri i Apple do të jetë i disponueshëm në Rusi
225,1738844420032,Apple tani shet vetëm iPhone 5G
226,1738844299440,Gjithçka që Apple prezantoi në ngjarjen e saj 'Far Out'
227,1738845075568,AirPods Pro i ri i Apple mund të ndalojë dy herë më shumë zhurmë
228,1738845077008,Më në fund prezantohet Apple Watch Ultra - kushton 799 euro
229,1738845225008,Apple prezanton Apple Watch Series 8
230,1738845252480,Huawei do të lansojë serinë e telefonave që do të ofrojnë dërgimin e mesazheve me satelit
231,1738844912688,Google pritet të lansojë telefonat Pixel 7 si dhe Pixel Watch më 6 tetor
232,1738845258208,Çfarë mund të pritet nga prezantimi i produkteve të reja nga Apple?
233,1738844912848,Brazili thotë se Apple nuk mund të vazhdojë të shesë iPhone-a që nuk vijnë me karikues
234,1738845229616,Ja ku mund ta shikoni eventin e Apple
235,1738845015600,Televizori i ri nga LG që për pak sekonda ndërron formë – nga i sheshtë në të lakuar
236,1738845258784,A mund ta bëjnë internetin më të shpejtë qendrat e të dhënave nënujore?
237,1738844913008,Në SHBA numri në përdorim i iPhoneve është më i madh se i telefonave Android
238,1738845259072,"Asus Zenbook 17 Fold OLED është një hibrid i palosshëm 17,3 inç"
239,1738844913168,"Ministri japonez ""i shpall luftë"" disketave dhe teknologjive të tjera të vjetruara"
240,1738844913328,Oppo do të ndalojë përfshirjen e karikuesve për disa telefona nga viti i ardhshëm
241,1738812941744,Televizori i parë Android QLED i prodhuar në Kroaci!
242,1738845259216,Çfarë na sjellin orët dhe kufjet e reja inteligjente Samsung
243,1738844746704,Nuk do ta njihni logon e parë të Netflix nga 25 vjet më parë – ja si dukej
244,1738845015856,Google dëshiron që t’i bëjë pajisjet Fuchsia të menaxhueshme me mjetin ADB nga Android
245,1738844306736,Ericsson do të finalizojë largimin nga Rusia
246,1738845260368,Rusia pa një rënie prej 22% në shitjet e laptopëve në korrik
247,1738845260512,Apple Watch Pro pritet të prezantohet në ngjarjen e 7 shtatorit
248,1738845245968,Mark Zuckerberg dhe Sheryl Sandberg nuk do të shkarkohen për shkak të skandalit Cambridge Analytica
249,1738845252832,"Dell ndërpret përfundimisht punën në Rusi, mbyll të gjitha zyrat në territorin e këtij vendi"
250,1738844306224,Në Indi lansohen kufjet me tela OnePlus Nord
251,1738844913488,"Avata është një dron i ri DJI, ka mbrojtje me helikë dhe fluturon për 18 minuta"
252,1738845290544,Zuckerberg thotë se kufjet e ardhshme të realiteti virtual do të vijnë në tetor
253,1738844010896,SpaceX dhe T-Mobile sjellin lidhjen direkte me satelitë për telefonat me ‘Coverage Above and Beyond’
254,1738844912368,Biden nënshkruan urdhrin për zbatimin e ligjit të çipave prej 52 miliardë dollarësh
255,1738845290864,"Apple njofton se do të mbajë event për shtyp më 7 shtator, pritet iPhone 14"
256,1738843779120,Roboti Ameca me përmirësime në mimikat e fytyrës
257,1738845261520,Kështu duket kur inteligjenca artificiale krijon fotografi
258,1738844773744,Taksi fluturues i ndërtuar nga firma britanike Vertical Aerospace do të ngrihet në fluturim pas ndërtimit të fluturimit
259,1738845253008,Mark Zuckerberg përditëson avatarin e tij në Meta pas talljeve të shumta me avatarin e parë
260,1738845077296,Hiti i Janet Jackson i vitit 1989 po shkatërron hard disqet e vjetër
261,1738812940976,Zbulohet data e prezantimit të Apple iPhone 14
262,1738844773936,Apple lëshon përditësimin e ri të sigurisë pasi që zbuloi se pajisjet e tyre kishin dobësi ndaj hakerëve
263,1738845262672,"Apple zbulon dobësi serioze të sigurisë për iPhone, iPad dhe Mac"
264,1738845253184,Gjiganti suedez i lojërave elektronike i blen të drejtat e Lord of the Rings dhe The Hobbit
265,1738845249312,Netflix po “vret” një nga tiparet më të dashura?
266,1738845253536,Gabimi trashanik i EA - detyrohet t'i shes video-lojërat me zbritje prej 99 për qind të çmimeve
267,1738845290704,Apple i thotë stafit që të jenë prezentë në zyrë së paku tre ditë në javë
268,1738843733664,Adidas prezanton kufjet solare të prodhuara nga plastika e ricikluar
269,1738845291024,Eventi për prezantimin e iPhone 14 pritet të mbahet në fillim të shtatorit
270,1738845062320,SpaceX i ofron 25 mijë dollarë atij që mund ta hakojë Starlinkun
271,1738812940464,Elon Musk i etur për ndërtimin e një qyteti në Mars
272,1738844774128,Apple duhet të paguajë 30 milionë dollarë për punëtorët - ata humbnin kohë gjatë kontrolleve të sigurisë
273,1738845062608,Nuk ju pëlqen pamja e Gmail-it të ri? Ja se si të rifitoni të vjetrën
274,1738845063184,YouTube Music më në fund e sjell ri-dizajnin e Now Playing tek iPad-ët
275,1738845291504,OnePlus po rekturon testues për OxygenOS13 Closed Beta për OnePlus 8 dhe 8 Pro
276,1738845063472,Samsung ngrit kapacitetin e baterisë të serisë Galaxy Watch 5
277,1738845291184,Falet nënpresidenti i Samsungut - shteti ka nevojë për eksperiencën e tij
278,1738843782704,Chatbot i Metas thotë se kompania 'shfrytëzon njerëzit'
279,1738844855616,Laboratori i Shiga në Japoni zhvillon robotë për të kryer “detyra të rrezikshme”
280,1738843775536,SHBA investon 280 miliardë dollarë në teknologji
281,1738845274432,BE po shkon drejt “mposhtjes së algoritmeve të Inteligjencës Artificiale që ua shkatërrojnë jetën”
282,1738844839696,Google padit Sonos mbi teknologjinë e “kontrollit përmes zërit”
283,1738844985568,Specifikat e MSI GS77 Stealth
284,1738845253360,"Samsung Galaxy Watch 5: A do të ketë bateri ""me më shumë jetëgjatësi""?"
285,1738845063616,Realme njofton lansimin e Realme UI 3.0 beta e hapur për Realme X3
286,1738845274704,Elon Musk e sfidon drejtorin ekzekutiv të Twitter në një ‘debat publik’ në lidhje me ‘robotët’
287,1738844420144,Specifikat e laptopit të Microsoft GO 2
288,1738845065200,Samsung Galaxy Tab A7 Lite merr përditësimin e ri të softuerit
289,1738845291344,One UI 5.0 beta fillon të shpërndahet në telefonat e serisë Samsung Galaxy S22
290,1738845291664,HBO Max gjatë vitit tjetër do të zëvendësohet nga një platformë e re shërbyese
291,1738845254064,"Ky robot ofron mundësinë për të ""prekur dhe ndjerë objektet nënujore"" - pa u lagur"
292,1738844839904,Koreja e Jugut zhvillon një 'tatuazh elektronik' që mund të paralajmërojë pacientët për probleme të mundshme shëndetësore
293,1738845234224,Ju kujtohet Winamp? Publikohet versioni i ri
294,1738845254240,Flightradar: Fluturimi i Nancy Pelosit për në Tajvan ishte fluturimi më i ndjekur ndonjëherë
295,1738839207664,Inxhinieri që “hodhi 180 milionë euro në bitcoin” shpreson që Inteligjenca Artificiale dhe qentë robotë do ta ndihmojnë t’i gjejë ato!
296,1738844419808,Pse Elon Musk lanson mijëra satelitë?
297,1738845263536,Serisë Xiaomi Mijia i shtohen Syzet AR me çipin Snapdragon 8
298,1738844774320,"Samsung arrin marrëveshje me Qualcomm, konfirmon se Galaxy S23 do ta ketë çipin Snapdragon edhe në versionet globale"
299,1738845292144,"Indonezia ndalon qasjen në Steam, Epic Games, PayPal dhe në disa platforma të tjera"
300,1738845291824,Elon Musk me kundërpadi ndaj Twitter mbi marrëveshjen prej 43 miliard eurove
301,1738845065056,Sony e ul fitimin vjetor të parashikuar pas blerjes së Bungie
302,1738845067648,Gjykata cakton datën e gjykimit në mes të Elon Musk dhe Twitter
303,1738845292304,"Volkswagen zbulon prototipin e ""Dronit për pasagjerë"" në Kinë"
304,1738845067504,Gmail me ndryshime të reja po arrin te të gjithë përdoruesit
305,1738845067936,Publikohen informacionet e para për çipin Apple A16 Bionic
306,1738844011184,Njihuni me robotët e rinj lëvizës që janë në gjendje “të bashkëpunojnë ndërmjet vete dhe me njerëzit”!
307,1738844840320,"Apple Watch Pro mund të heqë dorë nga forma aktuale drejtkëndore, por forma e re nuk mund të jetë e përshtatshme për të gjithë"
308,1738845292464,"Intel do të prodhojë çipat e kompanisë tajvaneze ""MediaTek"""
309,1738845291984,"DualUp i LG - detaje rreth monitorit ""të çuditshëm, por praktik për të kryer punë"""
310,1738844840528,Microsoft Office tani po bllokon ‘makrot’ si opsion i parazgjedhur
311,1738845253888,T-Mobile pranon që të paguajë afro 490 milionë euro pas rrjedhjes së të dhënave në vitin 2021
312,1738845253712,Inxhinieri i cili pretendoi se Inteligjenca Artificiale e Google ka ndjenja është pushuar nga puna
313,1738845068224,Honor prezanton tabletën Pad 8 me ekran prej 12 inç dhe Snapdragon 680
314,1738844774512,TikTok tani do të lejojë shikuesit të aktivizojnë titrat edhe nëse krijuesi nuk i ka aktivizuar në fillim
315,1738844938032,Google po teston syze të reja inteligjente
316,1738843768624,Apple zgjidh veprimet ligjore me tastierën në SHBA
317,1738844774704,"Ekspertët deshën të zbulojnë se si kafshët mësojnë të ecin përmes një roboti me katër këmbë, në madhësinë e qenit"
318,1738845254768,Një kompani tjetër e quajtur Meta thotë se riemërtimi i Facebook 'shkatërroi' biznesin e saj
319,1738845069520,"DOKU.TECH rikthehet në Prizren pas dy vitesh, në kuadër të Dokufest"
320,1738844840112,Indonezia u kërkon kompanive teknologjike që të regjistrohen në ligjin e ri të licencimit ose të përballen me rrezikun e bllokadës
321,1738845254416,"Mbretëria e Bashkuar do ta ketë ""autostradën më të madhe në botë"" të dronëve automatikë"
322,1738845232688,Disa nga specifikat e Huawei Watch Fit 2
323,1738844840736,Google Play Store mund të heq përmbledhjen e lejeve të aplikacioneve për shkak të sistemit të ri të Sigurisë së të Dhënave
324,1738845254592,"Rrjedhin të dhënat e reja në lidhje me pamjen, specifikat dhe çmimin e Samsung Galaxy Tab A7 2022"
325,1738845016112,Një përditësim madhor i Windows pritet në vitin 2024 – thuhet se mund të jetë Windows 12
326,1738844934320,Smartphone i cili po pushton industrinë e telefonisë!
327,1738845070528,"Përditësimi i emoji përfshin flaut, patë dhe më shumë zemra"
328,1738845264400,Uber u padit nga 550 gra për pretendime për sulme seksuale
329,1738845292624,Krizë në Google - kompania iu bënë thirrje punëtorëve të punojnë 'më me përkushtim'
330,1738845292944,Përmes syzeve Ray-Ban mund të bëni telefonata dhe të dërgoni mesazhe me WhatsApp
331,1738844855856,Shkencëtarët zhvillojnë “peshkun robot” për të pastruar oqeanet nga mikroplastika
332,1738844937136,"Arrin iOS 16, tani mund ta provojnë përdoruesit"
333,1738845293104,Projektori portativ Samsung The Freestyle tani është i disponueshëm në Kosovë!
334,1738844936880,Zephyr thyen rekordin për fluturimin më të gjatë
335,1738844840944,Pamje që tregojnë se sa mbresëlënës është teleskopi 10 miliardë dollarësh 'James Webb' në krahasim me të mëparshmin 'Hubble'
336,1738845293264,Në Michigan testohet dërgimi i furnizimeve mjekësore dhe ngarkesave të tjera me dron
337,1738844746928,Pamje të dronëve turq “Bayraktar” të cilët u bënë bashkë si një flotë
338,1738844774896,Nga Twitter bëjnë me dije se do ta padisin Elon Musk pasi ai tentoi të tërhiqet nga marrëveshja e blerjes
339,1738845255120,Bllokada e madhe e Rogers ndërpren furnizimin e 25 për qind të trafikut të internetit të Kanadasë
340,1738844936112,Elon Musk i jep fund ofertës për ta blerë Twitter-in
341,1738845265120,Starlink tani edhe me shërbim interneti për anijet në lëvizje
342,1738845265264,Zuckerberg njoftoi një sistem të ri për hyrjen në realitetin virtual
343,1738845264832,Rrezikohet marrëveshja e Elon Musk për blerjen e Twitter
344,1738845293584,Sistemet operative të Apple do të kenë mbrojtje kundër kërcënimeve serioze kibernetike
345,1738845014064,Richard Mille dhe Ferrari prezantojnë orën më të hollë në botë – është vetëm 1.75 mm
346,1738845292784,Gruaja ishte gjurmuar për dy orë pasi dikush ia vendosi një Apple AirTag
347,1738845265552,Chrome merr një rregullim të urgjencës: Sigurohu që të jesh i sigurt
348,1738845252304,Në të ardhmen përdoruesit e iPhone do të jenë në gjendje ta përdorin pajisjen edhe kur bie shi
349,1738845293744,Një haker pretendon se ka vjedhur 1 miliard të dhëna të qytetarëve kinezë nga policia
350,1738845072256,Hakohen llogaritë e ushtrisë britanike në YouTube dhe Twitter
351,1738845293904,Apple Watch Series 8 mund të jetë në gjendje të tregojë nëse keni temperaturë
352,1738845255648,Ukrainasit po ndërtojnë teknologji në shtëpitë e tyre në përpjekje të pengimit të dronëve rusë
353,1738845274976,Përdoruesit e Android përfshihen nga një 'malware' që u’a ngrit çmimet e faturave telefonike
354,1738845294064,Përdoruesit e Gmail dhe Hotmail mashtrohen përmes e-mail të rrejshëm dhe të rrezikshëm
355,1738845243856,Google do të fshijë historinë e të dhënave të kërkimeve për vendndodhjet e klinikave të abortit
356,1738844747152,Raspberry Pi Pico W shton teknologjin wireless – kushton vetëm 6 dollarë
357,1738845229424,Mbyllet zyrtarisht operatori Sprint
358,1738844937264,Samsung nis prodhimin e çipave 3 nanometër
359,1738844931120,"Falë Firefoxit, askush më nuk do të mund t'iu ndjekë"
360,1738845016624,Patenta e Qualcomm – shkaku që Apple nuk po mund të prodhojë modemin 5G për telefonat e saj
361,1738845266272,"Përdoruesit kundër Google, shqetësim për çështjen e privatësisë"
362,1738844419920,Sa kohë shpenzojmë në telefonat tanë?
363,1738844841152,"Njeriu që shpiku celularin thotë se ata që shpenzojnë shumë kohë në pajisje elektronike, ""ndoshta të rimendojnë prioritetet e tyre"""
364,1738844775088,"Miliarderi Richard Branson dëshiron të ndihmojë ukrainasit, në rindërtimin e aeroplanit më të madh në botë transportues"
365,1738844775280,Edhe Brazili po e shqyrton mundësinë për ta bërë një karikues standard për të gjithë telefonat e avancuar
366,1738845246320,Gjithnjë e më shumë njerëz po përdorin teknologjinë 'deepfake' për të aplikuar për punë nga distanca
367,1738844933808,Cilat janë risitë që sjell seria Samsung Galaxy S22?
368,1738844775472,ICK mbushi 10 vite – dhe ka shumë arsye për të festuar!
369,1738845245792,"Prezantohet hoteli fluturues që mund të qëndrojë në ajër me muaj të tërë dhe të bartë 5,000 pasagjerë"
370,1738845259792,Aplikacioni i Facebook për video mund të mos funksionojë më në Apple TV
371,1738844747376,Një qendër e bowling në Florida ‘punëson’ robotë për shërbim të klientëve
372,1738845259648,"Nga gomat e vjetra, Michelin prodhon rripat e orës së veçantë"
373,1738845294224,Teknologjia e re ushtarake izraelite i lejon operatorët të 'shikojnë përtej mureve'
374,1738845256176,Apple po përgatitet që në vjeshtën e këtij viti të lëshojë në treg një numër të pajisjeve të reja
375,1738845294384,Togg e Turqisë do të nxjerrë në treg një 'pajisje dixhitale' para makinës elektrike
376,1738844775664,Google thotë se hakerët përdorën ISPs për të shpërndarë virusin Hermit në sistemet operative Android dhe iOS
377,1738845294544,Intel e shtynë ceremoninë për fabrikën në Ohio shkaku i mungesës së fondeve qeverisëse
378,1738845294704,Monitori gjigant prej 55 inç i Samsungut mund të dalë në treg gjatë muajit gusht
379,1738845293424,Microsoft përgatitet që të përshëndetet me sistemin operativ Windows 8.1
380,1738844420256,A mund të bëjë një robot punën tuaj?
381,1738844935856,Chrome me përditësimin e ri mbron më shumë ueb-faqet
382,1738845261808,Netflix shkurton 300 vende pune të tjera pas rënies së abonimeve
383,1738845245616,"Alexa në të ardhmen do të jetë në gjendje të imitojë zërin e çdo individi, qoftë edhe i vdekur"
384,1738845256528,Samsung i Australisë gjobitet me miliona për pretendimet e rreme për telefonat rezistencë ndaj ujit
385,1738844841360,"Amazon prezanton ""robotin e lëvizshëm plotësisht autonom"" që lëvizë ngarkesat nëpër depo"
386,1738845266992,Windows 11 dhe Windows 10 nuk mund të shkarkohen më në Rusi
387,1738845295184,Karikuesi i ri i Apple - Twelve South është një alternativë kompakte dhe më e lirë
388,1738844775856,Ky aparat fotografik i prodhuar 99 vite më parë është shitur për 14.4 milionë euro dhe është më i shtrenjti në botë
389,1738839208016,"Ai është “babai” i 2.8 milionë ndjekësve në TikTok, njihuni me instruktorin amerikan të fitnesit që për gjithçka këshillon të rinjtë"
390,1738844856096,LG lanson monitorin Dual-Up – për kryerjen e shumë detyrave në të njëjtën kohë
391,1738844856336,Nis punën kompjuteri më i fuqishëm në Evropë – Lumi kushtoi 200 milionë euro
392,1738845275248,Arrijnë “Engjëjt e investimeve” në Shqipëri për të ndihmuar bizneset e vogla me potencial të madh
393,1738845295344,Zelensky u paraqit në formë hologrami në një forum teknologjik në Britani të Madhe
394,1738839208368,“Batterygate”: Miliona përdorues mund të marrin ‘dëmshpërblim’ pasi Apple përballet me një padi për përditësimin e softuerit të iPhone
395,1738844776048,"Andi Mashkulli, 15 vjeçari që u shpall fitues i garës mbarëkombëtare në fushën e teknologjisë informative"
396,1738845294864,Firefox ua pamundëson ueb-faqeve përcjelljen e aktiviteteve të përdoruesve
397,1738845267568,Evropa bëhet me superkompjuterin me fuqi sa pesë milionë laptopë
398,1738845076000,Adobe do të ofrojë një version falas të Photoshop për shfletues
399,1738844937008,Bill Gates me qëndrim skeptik ndaj NFT-ve
400,1738844011472,Mini-roboti ‘origami’ do të mund të përdoret për shpërndarjen e medikamenteve brenda trupit të pacientëve
401,1738845262960,Amazon do të dërgojë me dronë porositë në një qytet në Kaliforni
402,1738844856576,Erdogan: Në muajin janar do ta dërgojmë në hapësirë satelitin vendor “IMECE”
403,1738845275520,"Google, Facebook, Twitter duhet të trajtojnë “videot e rreme” ose rrezikojnë dënime prej BE-së"
404,1738845062032,Në Japoni do të përballeni me burg nëse fyeni dikë në rrjetet sociale
405,1738844935984,Startup-i Nothing lanson telefonin e parë më 12 korrik
406,1738845063328,Elon Musk do të mbajë këtë javë takimin e parë me stafin e Twitter
407,1738845295024,Restoranti ku shërbejnë robotët mace - mund të kryejnë deri në 400 porosi në ditë
408,1738845275792,Suspendohet nga puna inxhinieri i cili tha se chatbot-i artificial i Google ka ‘ndjenja njerëzore’
409,1738839357504,"Kanadezi synon të thyej rekordin botëror, dëshiron të lundrojë në Oqeanin Atlantik me anijen 1-metërshe – i etur t’i kalojë 3 mijë kilometra"
410,1738845063760,Kompania mëmë e TikTok po përgatitet të investojë shumë para në VR
411,1738844776240,Gati një e treta e punëtorëve në Britani mendojnë se kompania e tyre ka 'ngecur në të kaluarën' me teknologjinë
412,1738844935088,Microsoft do të kërkojë SSD për kompjuterët Windows 11?
413,1738844420368,Dështoi edhe një tjetër projekt i Metas
414,1738845268000,Versioni i parë syzeve AR nga Meta do të jetë vetëm për zhvilluesit
415,1738845064048,Ministria britanike e Mbrojtjes e blen kompjuterin e parë kuantikë
416,1738845276064,Kompania Youtube akuzohet për dështimin në ndalimin e lidhjeve të rreme ‘live’ në emër të Elon Musk
417,1738844420704,Apple me opsion të ri për sigurinë
418,1738844936496,Porositë për kompjuterë të rinj pritet të bien
419,1738844935344,Pesë orët e mençura më të mira për vitin 2022
420,1738844420592,Meta anulon zhvillimin e 'smartwatch' me dy kamera
421,1738845295504,Vizitori gjeti një iPhone që ende funksionte pavarësisht që kishte disa ditë në ujë
422,1738844420480,Si u shpik telefoni sekret Brahms i Margaret Thatcher?
423,1738845295824,Droni taksi me rreze të gjatë veprimi kryen me sukses fluturimet testuese
424,1738845295664,Një rekord i ri është shënuar në shpejtësinë e transferimit të të dhënave
425,1738844841568,"Tesla premton që deri në shtator do ta funksionalizojë robotin humanoid, që mund të kryej disa punë që tani i kryen njeriu"
426,1738844137200,"Bezos i vë dorezat robotike që transmetojnë lëvizjet e tij tek duart e robotit, madje tenton ta “zgjidh” kubin e Rubikut"
427,1738845263680,Bashkimi Evropian ka vendosur të prezantojë karikues unik për pajisjet
428,1738845295984,Disa nga veçoritë dhe produktet e reja që Apple i prezantoi në konferencën vjetore
429,1738845256704,Jep dorëheqje shefi ekzekutiv i departamentit të financave për shitje botërore të Amazon
430,1738845296304,"Apple prezanton laptopin e ri MacBook Air, që plotësisht është ridizajnuar"
431,1738845296464,Apple pritet të prezantojë veçori të reja për pajisjet e saj më të njohura
432,1738844841776,"Udhëtimi me aeroplan elektrik nëpër botë - ku dhe kur mund të fillojë, cili do të ishte ndikimi në reduktimin e emetimeve të karbonit?"
433,1738844841984,Fillon zhvillimi i softuerit të Samsung Galaxy Z Fold 4 dhe Galaxy Z Flip 4 - telefonat pritet të vijnë në muajt e ardhshëm
434,1738845296624,Apple planifikon ta bëjë iPad-in më shumë si një laptop dhe më pak si një telefon
435,1738845249488,Një firmë propozon drone të armatosur me elektroshok për të ndaluar të shtënat me armë në shkolla
436,1738845256880,Shkencëtarët trajnojnë minjtë për të gjetur të mbijetuarit nga tërmeti duke i pajisur ata me mikrofona
437,1738845065488,"Kush është Javier Olivan, shefi i ri i operacioneve të META?"
438,1738844856816,"Marrëveshja e BE-së për ""portin e përbashkët të karikimit"" për celularë ka të ngjarë të arrihet më 7 qershor"
439,1738844857056,Studiuesit britanikë krijojnë lëkurën elektronike ‘që mund të ndjejë dhimbje’
440,1738845068368,Në të ardhmen njerëzit do të rrisin fëmijë dixhitalë në Metaverse
441,1738845263968,Gruas meksikane i transplantohet veshi me teknologji të printuar 3D
442,1738845257232,Sheryl Sandberg jep dorëheqje nga pozita e Shefes Operative në kompaninë Meta pas 14 vjetësh
443,1738845068944,Safari bëhet shfletuesi i dytë në botë me mbi një miliard përdorues
444,1738844137520,Parashutistët e ushtrisë britanike do të stërviten me robotët humanoid të cilët mund të ‘flasin’ dhe ‘gjuajnë’ me armë
445,1738845296144,Prindërit po kërkojnë ndihmë nga Alexa për detyrat e shtëpisë së fëmijëve të tyre
446,1738845069232,Google Assistant së shpejti do të identifikojë zërin e përdoruesit
447,1738845257056,"Veçoria që mund t'ju bëjë dukeni ""agjent"" - Apple dëshiron të shtojë një kamerë në Apple Watch"
448,1738845104672,Greqia dhe Arabia Saudite synojnë vendosjen e kabllos optike me të cilën do lidhet Evropa me Azinë
449,1738845296784,BT dhe Ericsson bashkojnë forcat për të ndërtuar rrjete private 5G në Britani
450,1738845307104,"Foxconn thotë se gjysma e dytë e vitit 2022 pritet të shkojë ""në një drejtim më të mirë"""
451,1738845297104,"Bordi i STIKK-ut takon përfaqësuesit e Qeverisë, diskutohet mbi sfidat e TIK-ut në vend"
452,1738845297264,Chromebook tani do t'ua bëjë të ditur nëse kabllo USB-C është kualitative apo jo
453,1738845297424,"Shkak mungesa e fuqisë punëtore, rritet për 40% kërkesa për blerje të robotëve në SHBA"
454,1738843633968,"Shpiku kostumin fluturues, francezi bie në ujë nga 15 metra lartësi derisa fluturonte me “kryeveprën” e tij  "
455,1738845070096,Dyson dëshiron të krijojë robotë që mund të kryejnë punët e shtëpisë
456,1738844934064,Njihuni me robotin më të vogël që ecën me telekomandë
457,1738845297584,Samsung thuhet se do të zvogëlojë numrin e prodhimit të telefonave për vitin 2022
458,1738845072112,A mund të kishte paralajmëruar Meta për sulmuesin në Teksas?
459,1738845297744,Twitter në SHBA u gjobit me 140 milionë euro për shitjen e të dhënave të përdoruesve
460,1738844842192,“Kripto sateliti” i parë lansohet në orbitë falë kompanisë SpaceX
461,1738845072688,Meta thotë se po punon që të rregullojë problemet me Instagramin
462,1738845307456,Shkencëtarët kinezë zhvillojnë planin për mundësinë e shkatërrimit të satelitëve Starlink
463,1738844857296,Nju Jorku do të dhurojë robotë për të moshuarit “për t'ju bërë atyre shoqëri”
464,1738844776432,U raportua se i dyshuari për sulmin në shkollën e Teksasit postoi në Facebook para se të niste sulmin - reagon Meta
465,1738845298064,Snapchat pezullon llogarinë e lidhur me të dyshuarin që kreu sulmin në Teksas
466,1738844935600,Rrjeti 6G do pushtojë tregun deri në vitin 2030
467,1738844857536,Google Assistant më në fund është i disponueshëm në “Samsung Galaxy Watch 4”
468,1738845073120,Elon Musk thotë se po teston Starlinkun në aeroplanin e tij privat
469,1738844933936,Apple po kërkon të rrisë prodhimin jashtë Kinës
470,1738845307632,"Kabllot nënujore të internetit mund të ndihmojnë në zbulimin e tërmeteve, thonë shkencëtarët"
471,1738845269728,Kanadaja ndalon Huawei Technologies të Kinës nga rrjetet 5G
472,1738844420816,Po vjen memorie e parë DDR5
473,1738839357872,"Elon Musk i kërkoi stjuardesës marrëdhënie seksuale, kompania e tij pagoi 250 mijë dollarë për ta blerë heshtjen e saj – por u zbulua gjithçka"
474,1738844931376,Kamera e re e Garminit i dedikohet çiklistëve
475,1738845306928,Hakerët pro-rus sulmojnë ueb-faqet e disa institucioneve dhe ministrive të qeverisë së Italisë
476,1738845297904,Google në Rusi do të paraqesë falimentimin pas konfiskimit të llogarisë bankare
477,1738845307280,Pse Google Maps “mjegulloi” shtëpinë në Ohio?
478,1738845296944,SHBA paralajmëron për rrezikun e punësimit të punonjësve të IT-së nga Koreja e Veriut
479,1738844934704,Uber do të testojë shpërndarjen e ushqimit me robotë
480,1738845307808,NASA pritet të përdorë teknologjinë XR për të përgatitur astronautët për udhëtimin e tyre në Mars
481,1738845073984,"Këta robotë autonomë mund të mbledhin deri në 25,000 mjedra në ditë"
482,1738845298384,"Prodhohet ora ekologjike, mbështjellësi është i punuar nga llumi i kafesë"
483,1738844776624,"Royal Mail dëshiron të përdorë flotën e 500 dronëve, për shpërndarjen e dërgesave në zona të largëta të Britanisë"
484,1738845298544,Një veçori e re në TikTok mund t'ju tregojë se kush po e shikon profilin tuaj
485,1738845308336,Ekipet e EPOS dhe Solaborate kanë bërë lansimin e dy produkteve të reja në ISE 2022 në Barcelonë
486,1738845265840,Versioni i fundit testues i Windows 11 vjen me një veçori të re
487,1738844421040,Apple thuhet se po teston telefonat me portin USB-C
488,1738844421264,NFT janë objektiva të rinj të hakerëve
489,1738845307984,"YouTube, TikTok, Twitter dhe Facebook kërkuan të arkivonin përmbajtjen që është dëshmi e krimeve ruse"
490,1738845298864,Kompania britanike për shërbime postare dëshiron një flotë prej 500 dronësh
491,1738845308512,Google ka rënë dakord të paguajë 300 media në BE për shfrytëzimin e përmbajtjeve të tyre
492,1738844936240,"Apple do të ndërpresë prodhimin e iPod, pas 21 vitesh"
493,1738845016880,Erudera – platforma kosovare me mision global merr vëmendjen e mediumit prestigjioz Forbes
494,1738844421376,Sony ka shitur tani mbi 19 milionë PS5
495,1738845076432,Më 14 maj organizohet konferenca 'DevCon' nga komuniteti i IT-së
496,1738845308160,Përdoruesit e Android janë shoferë më të mirë se përdoruesit e iPhone - pretendon një studim
497,1738845299024,Tesla padit ish-inxhinierin pasi dyshohet se vodhi sekretet e super-kompjuterit të saj
498,1738845258496,Qualcomm ka shtyrë prodhimin e çipave të ardhshëm premium
499,1738844421488,Roboti që mbledh mbeturina
500,1738845266704,Elon Musk thotë se nuk e ka blerë Twitter-in për shkak të Donald Trump
501,1738844933552,Televizori i padukshëm kthehet në dekor kur fiket
502,1738845258064,Grupi pro Kremlinit raportohet se ka kryer sulmin kibernetik ndaj Parlamentit Evropian
503,1738845308864,Nëndetësja e veçantë elektrike për tre persona që mund t'ju ndihmojë të eksploroni thellësinë detare
504,1738845309040,Stadiumet e Katarit janë me ajër të kondicionuar dhe kanë një sistem të pastrimit të ajrit
